price,beds,baths,square_feet,address,State/Zip Code,city
"$849,000 ",3,2,"1,272",9616 Halberns Blvd, CA 92071,Santee
"$850,000 ",3,1,"1,484",9208 Arnaz Way, CA 92071,Santee
"$799,900 ",3,1,"1,212",9138 WILLOWGROVE Ave, CA 92071,Santee
"$925,000 ",3,2,"1,392",9134 Inverness Rd, CA 92071,Santee
"$849,000 ",3,2,"1,392",10503 Ironwood Ave, CA 92071,Santee
"$1,285,000 ",4,3,"3,012",10820 Dakota Ranch Rd, CA 92071,Santee
"$759,900 ",3,2,"1,032",9065 Heatherdale St, CA 92071,Santee
"$1,297,900 ",4,3,"2,384",8513 Mesa Heights Rd, CA 92071,Santee
"$1,498,000 ",6,3.5,"3,357",8741 Weston Rd, CA 92071,Santee
"$830,000 ",3,2,"1,092",9548 Abbeyfield Rd, CA 92071,Santee
"$839,000 ",3,2,"1,122",9368 Starcrest Dr, CA 92071,Santee
"$875,000 ",3,3,"1,726",2410 Nielsen St, CA 92020,Santee
"$699,000 ",4,2,"1,694",9703 Lutheran Way, CA 92071,Santee
"$750,000 ",3,2,"1,393",8313 Carlton Oaks Dr, CA 92071,Santee
"$879,000 ",4,2.5,"1,744",8852 Carmir Dr, CA 92071,Santee
"$750,000 ",3,2,"1,177",10019 Settle Rd, CA 92071,Santee
"$1,050,000 ",4,2.5,"2,118",224 Parkside Pl, CA 92071,Santee
"$899,000 ",4,2,"1,646",9985 Delia Ln, CA 92071,Santee
"$685,000 ",3,2,"1,242",9540 Jim, CA 92071,Santee
"$949,000 ",4,2,"1,755",7902 Poplin Dr, CA 92071,Santee
"$869,000 ",4,2,"1,758",9540 Abbeyfield Rd, CA 92071,Santee
"$1,099,000 ",4,2.5,"2,053",8761 Robles Dr, CA 92119,Santee
"$949,000 ",3,2,"1,305",8611 Carlton Oaks Dr, CA 92071,Santee
"$948,000 ",3,2,"1,404",10442 Ken Ln, CA 92071,Santee
"$875,000 ",3,3,"1,760",11054 Columbus St, CA 92071,Santee
"$1,265,000 ",4,3,"2,384",10349 River Blf, CA 92071,Santee
"$899,000 ",4,3,"1,817",10976 Collinwood Dr, CA 92071,Santee
"$759,000 ",3,1.5,"1,104",8793 Railroad Ave, CA 92071,Santee
"$849,000 ",3,2,"2,005",10125 Woodpark Dr, CA 92071,Santee
"$869,900 ",5,2,"1,632",9477 Ronnie Ct, CA 92071,Santee
"$869,900 ",4,2,"1,584",9927 Sadie St, CA 92071,Santee
"$875,000 ",3,2,"1,404",10520 El Nopal, CA 92071,Santee
"$799,999 ",4,2,"1,141",8556 Matterhorn Dr, CA 92071,Santee
"$1,149,000 ",4,3,"2,167",10552 Santana St, CA 92071,Santee
"$1,249,000 ",5,4,"2,634",9307 Dalehurst Rd, CA 92071,Santee
"$775,000 ",3,2,"1,200",8516 Ellsworth Ln, CA 92071,Santee
"$960,000 ",3,2,"1,344",9255 Fairlawn St, CA 92071,Santee
"$1,200,000 ",4,2,"2,018",10354 Prospect Ave, CA 92071,Santee
"$1,150,000 ",4,2.5,"2,184",2148 Estela Dr, CA 92020,Santee
"$839,900 ",3,2,"1,201",10247 EASTHAVEN Dr, CA 92071,Santee
"$995,000 ",3,2,"1,979",9475 Wharton Rd, CA 92071,Santee
"$875,000 ",4,3,"1,982",10442 Nate Way, CA 92071,Santee
"$830,000 ",3,2,"1,369",257 Brookview, CA 92071,Santee
"$1,236,990 ",5,2.5,"2,530",Plan 2530 Modeled Plan, CA 92071,Santee
"$1,600,000 ",6,5,"3,261",8720 Ruocco Dr, CA 92071,Santee
"$995,000 ",4,2,"1,540",8596 Atlas Dr, CA 92071,Santee
"$1,197,000 ",3,2,"2,487",2409 Dehesa Rd, CA 92019,El Cajon
"$724,999 ",3,2,"1,196",8669 Via Del Luz, CA 92021,El Cajon
"$999,000 ",3,3,"2,494",2956 La Cresta Rd, CA 92021,El Cajon
"$1,099,995 ",6,4,"2,502",1730 VISTA DEL VALLE Blvd, CA 92019,El Cajon
"$1,045,000 ",4,3,"2,264",341 Dewane Dr, CA 92020,El Cajon
"$970,000 ",3,2,"2,424",1923 Forester Creek Rd, CA 92021,El Cajon
"$799,000 ",3,2,"1,298",1634 Plumeria Dr, CA 92021,El Cajon
"$1,749,000 ",5,4,"3,956",650 Bradford Rd, CA 92019,El Cajon
"$1,250,000 ",4,3,"2,368",11922 VIA HACIENDA, CA 92019,El Cajon
"$1,150,000 ",3,2.5,"2,047",2002 Chardon Ln, CA 92019,El Cajon
"$899,000 ",4,3,"1,450",1202 Hardin Dr, CA 92020,El Cajon
"$1,799,000 ",5,3,"3,742",402 Avenida Abajo, CA 92020,El Cajon
"$999,900 ",3,2.5,"1,734",2699 Sawgrass St, CA 92019,El Cajon
"$779,000 ",3,2,"1,360",1507 Savin Dr, CA 92021,El Cajon
"$849,000 ",4,2,"1,529",13170 Aurora Dr, CA 92021,El Cajon
"$1,099,000 ",4,3.5,"2,598",1672 Via Elisa, CA 92021,El Cajon
"$1,295,000 ",4,2,"2,387",2528 Windmill view Rd, CA 92020,El Cajon
"$849,000 ",3,2,"1,282",198 Lindell Ave, CA 92020,El Cajon
"$1,098,000 ",4,3,"2,632",9143 Soldin Ln, CA 92021,El Cajon
"$724,900 ",3,2,"1,283",611 Prescott Ave, CA 92020,El Cajon
"$1,349,999 ",3,2.5,"2,248",1917 Sonett St, CA 92019,El Cajon
"$1,199,000 ",4,3,"1,908",2540 Sawgrass St, CA 92019,El Cajon
"$1,849,900 ",6,5,"3,882",1758 CERCA BLANCA Pl, CA 92019,El Cajon
"$2,200,000 ",7,4,"4,499",650 Colinas Mira, CA 92019,El Cajon
"$1,699,000 ",4,3,"3,128",15354 Broad Oaks Rd, CA 92021,El Cajon
"$1,149,000 ",4,2,"1,996",13426 Piping Rock Ln, CA 92021,El Cajon
"$754,900 ",3,2,"1,255",563 Ann St, CA 92021,El Cajon
"$779,950 ",3,2,"1,670",1350 Coy Ct, CA 92021,El Cajon
"$1,195,000 ",5,3,"2,046",2458 Sawgrass St, CA 92019,El Cajon
"$1,099,000 ",4,2.5,"2,310",1759 Milton Manor Dr, CA 92021,El Cajon
"$750,000 ",3,2,"1,344",1131 Buckskin Rd, CA 92019,El Cajon
"$1,199,000 ",4,3,"2,264",1532 Wyatt Pl, CA 92020,El Cajon
"$875,000 ",3,2,"1,189",8543 Via Consuelo, CA 92021,El Cajon
"$849,000 ",3,2,"1,498",14204 Legacy Ln, CA 92021,El Cajon
"$925,000 ",5,3,"2,794",1493 Lily Ave, CA 92021,El Cajon
"$1,949,999 ",4,2.5,"3,252",2238 Tina St, CA 92019,El Cajon
"$749,900 ",3,1,"1,112",511 El Monte Rd, CA 92020,El Cajon
"$1,050,000 ",3,2.5,"2,252",1756 N 1st St, CA 92021,El Cajon
"$799,900 ",3,2,"1,920",2466 Willow Glen Dr, CA 92019,El Cajon
"$1,447,000 ",4,3,"2,812",9903 Shadow Rd, CA 91941,El Cajon
"$2,399,999 ",5,4.5,"4,960",1475 Tina Ct, CA 92019,El Cajon
"$1,649,000 ",3,4.5,"2,767",620 Calle De La Sierra, CA 92019,El Cajon
"$799,000 ",4,2.5,"1,806",1152 Farview Ct, CA 92021,El Cajon
"$849,999 ",3,3,"2,500",2216 Crest Dr, CA 92021,El Cajon
"$899,999 ",3,2,"1,455",9998 Dunbar Ln, CA 92021,El Cajon
"$1,249,000 ",4,2.5,"2,787",2080 Eula Ln, CA 92019,El Cajon
"$860,000 ",3,2,"1,132",1491 Vicksburg Dr, CA 92021,El Cajon
"$895,000 ",3,2,"1,636",8965 Lake Angela, CA 91942,El Cajon
"$879,000 ",4,2.5,"1,810",1827 Tammy St, CA 92021,El Cajon
"$875,000 ",3,2.5,"1,740",130 Scenic Dr, CA 92021,El Cajon
"$825,000 ",3,2,"1,437",675 Dewane Dr, CA 92020,El Cajon
"$849,888 ",3,2,"1,322",132 Croydon Ln, CA 92020,El Cajon
"$720,000 ",2,2,"1,228",1203 Silverberry Ct, CA 92019,El Cajon
"$1,299,999 ",4,2.5,"3,146",2044 Eula Ln, CA 92019,El Cajon
"$999,990 ",5,3,"2,462",986 Merritt Dr, CA 92020,El Cajon
"$799,000 ",4,2,"1,257",8043 Royal Gardens Ct, CA 92021,El Cajon
"$1,195,000 ",5,3,"2,867",9442 Cherisse Ln, CA 92021,El Cajon
"$1,165,000 ",5,2,"2,412",827 Terra Ln, CA 92019,El Cajon
"$749,500 ",3,2,"1,062",244 Gull Pl, CA 92019,El Cajon
"$1,899,000 ",5,3.5,"2,941",1633 Monarch Ridge Cir, CA 92019,El Cajon
"$925,000 ",4,3,"1,926",8406 Alado Pl, CA 92021,El Cajon
"$790,000 ",3,2,976,816 Lemon Ave, CA 92020,El Cajon
"$1,150,000 ",4,3,"2,080",1200 Pine Dr, CA 92020,El Cajon
"$1,499,900 ",3,3.5,"2,570",2552 Singing Vista Way, CA 92019,El Cajon
"$1,749,000 ",4,3.5,"3,141",15881 Broad Oaks Rd, CA 92021,El Cajon
"$709,900 ",2,2,"1,228",1371 Bitterbush Ln, CA 92019,El Cajon
"$750,000 ",3,3,"1,426",129 S Ivory Ave, CA 92019,El Cajon
"$750,000 ",3,1,752,1205 Peach Ave, CA 92021,El Cajon
"$819,000 ",4,2,"1,421",13604 Avenida Del Charro, CA 92021,El Cajon
"$789,999 ",3,1,"1,000",649 N Cuyamaca St, CA 92020,El Cajon
"$2,197,000 ",4,4.5,"4,030",15740 Broad Oaks Rd, CA 92021,El Cajon
"$1,345,000 ",4,2.5,"2,605",2028 Valley Rim Rd, CA 92019,El Cajon
"$1,675,000 ",6,6,"3,637",410-412 Woodland Ln, CA 92021,El Cajon
"$890,000 ",5,3,"2,006",801 Loquat Ct, CA 92020,El Cajon
"$2,275,000 ",5,4,"3,729",4860-62 Avocado Blvd, CA 92020,El Cajon
"$879,000 ",3,2,"1,560",8016 Sterling Dr, CA 92021,El Cajon
"$1,749,000 ",5,3,"3,186",11328 Rolling Hills Dr, CA 92020,El Cajon
"$1,149,000 ",4,2,"2,784",4002 Violet, CA 91941,La Mesa
"$1,349,000 ",4,2.5,"2,587",9430 Tropico Dr, CA 91941,La Mesa
"$849,000 ",2,1.5,"1,155",7486 Muriel Pl, CA 91941,La Mesa
"$799,000 ",3,2,"1,350",4516 Olive Ave, CA 91942,La Mesa
"$795,000 ",2,1,862,4349 Yale Ave, CA 91942,La Mesa
"$1,825,000 ",6,4,"5,600",4367 Summit Dr Unit ., CA 91941,La Mesa
"$1,589,900 ",5,3,"2,350",7569 El Paso St, CA 91942,La Mesa
"$1,687,990 ",6,4.5,"3,901",7800 La Mesa Summit Dr, CA 91941,La Mesa
"$1,403,990 ",3,3.5,"2,473",7790 La Mesa Summit Dr, CA 91941,La Mesa
"$998,747 ",3,2.5,"1,535",4222 Avocado Blvd, CA 91941,La Mesa
"$965,000 ",4,2,"1,352",6040 Manon St, CA 91942,La Mesa
"$1,175,000 ",7,4,"2,300",8100 8100 Binney Pl, CA 91942,La Mesa
"$1,200,000 ",4,3,"2,500",4336 Crestview Dr, CA 91941,La Mesa
"$1,200,000 ",4,2.5,"2,304",4631 Mission Bell Ln, CA 91941,La Mesa
"$1,100,000 ",3,1.5,"1,545",4210 Black Mountain Rd, CA 91941,La Mesa
"$989,000 ",3,2,"1,196",6065 Zora St, CA 91942,La Mesa
"$789,000 ",3,2,"1,162",3465 Par Dr, CA 91941,La Mesa
"$1,599,000 ",3,3,"2,192",8535 Hillcrest Ave, CA 91941,La Mesa
"$1,925,000 ",5,3,"2,182",4359 Date Ave, CA 91941,La Mesa
"$849,000 ",3,2,"1,472",8899 Mariposa St, CA 91941,La Mesa
"$1,299,900 ",4,2.5,"2,171",4620 Panchoy Dr, CA 91941,La Mesa
"$2,250,000 ",6,4,"5,065",9945 Alto Dr, CA 91941,La Mesa
"$1,125,000 ",3,2.5,"2,033",10964 Dutton Dr, CA 91941,La Mesa
"$794,000 ",2,1.5,"1,096",4309 Harbinson Ave, CA 91942,La Mesa
"$2,450,000 ",7,7,"6,763",9740 Lake Helix Ter, CA 91941,La Mesa
"$1,350,000 ",4,2.5,"1,855",4111 Calavo Dr, CA 91941,La Mesa
"$974,900 ",4,2,"2,000",3943 Nereis Dr, CA 91941,La Mesa
"$600,000 ",2,1,864,4138 Blackton Dr, CA 91941,La Mesa
"$1,469,900 ",3,2.5,"2,655",4150 Calavo Dr, CA 91941,La Mesa
"$929,000 ",3,2,"1,694",4124 Bancroft Dr, CA 91941,La Mesa
"$879,000 ",4,2,"1,404",5393 Mary Fellows Ave, CA 91942,La Mesa
"$1,125,000 ",4,2,"1,995",7987 Wetherly St, CA 91941,La Mesa
"$1,189,000 ",3,2,"2,606",4029 Carpenter Ln, CA 91941,La Mesa
"$949,000 ",3,2.5,"1,673",4444 68Th St, CA 91942,La Mesa
"$975,000 ",3,2,"1,784",4720 Jessie Ave, CA 91942,La Mesa
"$1,600,000 ",5,4,"4,117",8945 McKinley Ct, CA 91941,La Mesa
"$1,395,000 ",5,3,"2,816",9809 Bonnie Vista Dr, CA 91941,La Mesa
"$1,299,000 ",5,4,"2,265",9269 Mollywoods Ave, CA 91941,La Mesa
"$769,000 ",2,1,768,7821 Cimarron Ln, CA 91942,La Mesa
"$1,544,995 ",5,4,"3,520",3935 SACRAMENTO Dr, CA 91941,La Mesa
"$1,950,000 ",4,3.5,"4,154",4816 Redondo Dr, CA 91941,La Mesa
"$1,195,000 ",4,4,"2,095",8060 Lemon Ave, CA 91941,La Mesa
"$1,450,000 ",3,3,"2,693",4300 Sheldon Dr, CA 91941,La Mesa
"$825,000 ",3,2,"1,205",8605 Washington Ave, CA 91942,La Mesa
"$1,199,000 ",4,2.5,"1,988",8568 Boulder Dr, CA 91941,La Mesa
"$4,995,000 ",7,6.5,"5,470",10310 Fuerte Dr, CA 91941,La Mesa
"$999,000 ",4,2,"1,706",7861 Cimarron Ln, CA 91942,La Mesa
"$700,000 ",3,1,896,6826 Missy Ct, CA 92115,La Mesa
"$1,499,000 ",4,5,"3,575",9226 Briercrest Dr, CA 91942,La Mesa
"$769,999 ",2,1,636,4990 73Rd St, CA 92115,La Mesa
"$749,999 ",2,1,808,5060 Williams Ave, CA 91942,La Mesa
"$1,699,000 ",4,3.5,"3,019",9960 Pandora Dr, CA 91941,La Mesa
"$1,398,000 ",4,3,"2,800",4675 Munroe St, CA 91942,La Mesa
"$1,099,000 ",4,3,"1,782",4251 Nabal Dr, CA 91941,La Mesa
"$1,999,900 ",4,4,"5,834",10880 Hess Dr, CA 91941,La Mesa
"$939,000 ",3,2,"1,652",4427 68th St, CA 91942,La Mesa
"$1,479,000 ",4,3,"2,458",4742 Mt. Helix Dr, CA 91941,La Mesa
"$877,000 ",3,2,"1,657",7384 W Point Ave, CA 91942,La Mesa
"$1,374,990 ",3,3.5,"2,473",7810 La Mesa Summit Dr, CA 91941,La Mesa
"$1,900,000 ",6,5,"3,114",8580 Chevy Chase Dr, CA 91941,La Mesa
"$930,000 ",4,2,"1,741",6108 DALHART, CA 91942,La Mesa
"$1,245,000 ",4,3,"2,214",7990 Cinnabar Dr, CA 91941,La Mesa
"$1,125,000 ",4,3,"2,005",4404 Vista Way, CA 91941,La Mesa
"$1,796,990 ",4,4.5,"3,677",7830 La Mesa Summit Dr, CA 91941,La Mesa
"$1,596,990 ",3,3.5,"2,473",7845 La Mesa Summit Dr, CA 91941,La Mesa
"$1,850,990 ",6,5.5,"3,677",Residence 3 Plan, CA 91941,La Mesa
"$1,626,990 ",3,3.5,"2,473",Residence 1 Plan, CA 91941,La Mesa
"$1,099,000 ",5,3,"1,946",12256 Old Stone Rd, CA 92064,Poway
"$1,750,000 ",3,3,"3,040",11448 Cypress Canyon Park Dr, CA 92131,Poway
"$1,799,000 ",4,3,"3,099",12050 Crest Rd, CA 92064,Poway
"$919,900 ",3,1.5,"1,125",13834 Tobiasson Rd, CA 92064,Poway
"$3,199,000 ",6,4.5,"5,426",15480 Eastvale Rd, CA 92064,Poway
"$985,000 ",3,2,"1,322",14555 High Pine St, CA 92064,Poway
"$1,125,000 ",5,3,"1,440",15208 Amso St, CA 92064,Poway
"$1,049,900 ",5,1.5,"1,976",13406 Ann O Reno Ln, CA 92064,Poway
"$1,200,000 ",4,2,"1,804",13808 Pomerado Rd, CA 92064,Poway
"$1,099,000 ",4,2,"1,212",14130 Frame Rd, CA 92064,Poway
"$1,099,900 ",3,3,"1,487",13455 Carriage Rd, CA 92064,Poway
"$1,390,000 ",4,2,"2,209",12521 McFeron Rd, CA 92064,Poway
"$5,800,000 ",7,7.5,"11,041",13742 Paseo Valle Alto, CA 92064,Poway
"$905,000 ",2,2,"1,850",16407 Gabarda Rd, CA 92128,Poway
"$1,898,000 ",5,3.5,"3,449",16220 Del Norte, CA 92064,Poway
"$1,375,000 ",3,2,"1,650",14845 Espola Rd, CA 92064,Poway
"$949,900 ",2,2,"1,738",13025 Avenida Marbella, CA 92128,Poway
"$1,250,000 ",3,2,"1,630",13336 Corte De Comares, CA 92128,Poway
"$2,895,000 ",5,4.5,"5,048",18151 Old Coach Rd, CA 92064,Poway
"$699,995 ",3,2,"1,152",14955 Avenida Venusto #35, CA 92128,Poway
"$1,495,000 ",4,3,"2,101",11840 Springside Rd, CA 92128,Poway
"$1,175,000 ",4,2,"1,935",15034 Jenell St, CA 92064,Poway
"$1,000,000 ",3,2,"2,093",13340 Miguel Garden Way, CA 92064,Poway
"$999,000 ",4,2,"1,448",13440 MONTEGO Dr, CA 92064,Poway
"$1,995,000 ",4,3,"2,763",17221 Cloudcroft Dr, CA 92064,Poway
"$2,690,000 ",5,4.5,"3,787",11558 Creek Rd, CA 92064,Poway
"$1,589,900 ",4,3,"2,176",13128 Via Del Toro, CA 92064,Poway
"$1,249,000 ",3,2,"1,514",12132 Old Pomerado Rd, CA 92064,Poway
"$1,145,000 ",4,3,"1,525",13910 Pomerado Rd, CA 92064,Poway
"$2,499,000 ",4,3,"3,383",15808 Cumberland Dr, CA 92064,Poway
"$2,595,000 ",5,4.5,"4,466",13000 Lomas Verdes Dr, CA 92064,Poway
"$799,000 ",3,1,952,14538 Biddeford St, CA 92064,Poway
"$1,879,000 ",4,3,"2,484",13046 Edina Way, CA 92064,Poway
"$1,595,000 ",4,2,"2,156",17205 Vendor Pl, CA 92064,Poway
"$1,100,000 ",3,2,"1,358",14513 Mirando St, CA 92064,Poway
"$2,495,000 ",4,3,"2,937",14298 Ipava Dr, CA 92064,Poway
"$3,299,000 ",4,4,"4,502",13495 Del Poniente Rd, CA 92064,Poway
"$1,475,000 ",4,2,"2,120",12952 Pomard Way, CA 92064,Poway
"$3,949,000 ",6,7,"6,528",13421 Old Winery Rd, CA 92064,Poway
"$2,824,000 ",4,4.5,"3,783",15484 Markar Rd, CA 92064,Poway
"$5,200,000 ",7,8,"9,342",13645 Paseo De La Huerta, CA 92064,Poway
"$1,295,000 ",3,2.5,"1,505",14659 Carmel Ridge Rd, CA 92128,Poway
"$2,599,999 ",5,4.5,"4,096",11766 Treadwell Dr, CA 92064,Poway
"$3,275,000 ",6,7,"6,000",16801 Chaparral Way, CA 92064,Poway
"$3,599,000 ",5,6,"6,583",15955 Running Deer Trl, CA 92064,Poway
"$1,099,000 ",4,2,"1,487",12701 Mcferon Rd, CA 92064,Poway
"$935,000 ",3,2,"1,229",13222 Whitewater Dr, CA 92064,Poway
"$2,549,900 ",6,4.5,"3,872",11781 Treadwell Dr, CA 92064,Poway
"$2,395,000 ",4,3,"2,516",15176 Vali Hai Rd, CA 92064,Poway
"$3,995,000 ",5,5.5,"6,114",17744 Old Winery Way, CA 92064,Poway
"$860,000 ",3,2,"1,614",12581 Lomica Ave, CA 92128,Poway
"$1,499,000 ",4,3,"2,445",13940 NORTHCREST Ln, CA 92064,Poway
"$2,995,000 ",6,4.5,"3,967",15123 Larchmont St, CA 92064,Poway
"$1,099,000 ",4,2,"1,330",13503 Maryearl Ln, CA 92064,Poway
"$998,500 ",2,2,"1,659",17502 Plaza Marlena, CA 92128,Poway
"$6,750,000 ",9,8.5,"13,929",14155 Bryce Pt, CA 92064,Poway
"$1,970,000 ",4,3,"3,040",11476 Cypress Terrace Pl, CA 92131,Poway
"$1,600,000 ",4,2,"1,950",14446 Sespe Pl, CA 92064,Poway
"$2,550,000 ",4,3.5,"3,982",13012 Solera Way, CA 92064,Poway
"$2,197,990 ",5,4.5,"3,900",13760 Holly Oak Way, CA 92064,Poway
"$2,156,990 ",5,3.5,"3,589",13750 Holly Oak Way, CA 92064,Poway
"$2,040,990 ",4,3.5,"3,001",13730 Holly Oak Way, CA 92064,Poway
"$3,495,000 ",7,7,"5,457",13773 Paseo Valle Alto, CA 92064,Poway
"$3,299,000 ",7,5.5,"5,389",13665 White Rock Station Rd, CA 92064,Poway
"$1,325,000 ",4,2,"2,156",13145 Decant Dr, CA 92064,Poway
"$1,298,800 ",4,2.5,"1,987",13635 Janeen Pl, CA 92064,Poway
"$2,950,000 ",6,5.5,"4,261",13327 Calle Colina, CA 92064,Poway
"$999,999 ",4,2.5,"1,644",12939 Cree Ct, CA 92064,Poway
"$849,000 ",3,2,"1,100",14544 Kennebunk St, CA 92064,Poway
"$5,895,000 ",7,8.5,"10,266",14160 Augusta Ct, CA 92064,Poway
"$1,298,000 ",4,2,"2,034",12866 SUMMERFIELD Ln, CA 92064,Poway
"$3,675,000 ",5,6,"5,062",16110 Lakeview Dr, CA 92064,Poway
"$2,060,000 ",5,4,"3,356",13080 Camino Del Valle, CA 92064,Poway
"$2,198,888 ",5,3.5,"3,301",13378 Calle Colina, CA 92064,Poway
"$2,695,000 ",6,4.5,"3,905",16350 Sage Trails Ct, CA 92064,Poway
"$1,300,000 ",4,2,"1,879",12953 Carriage Rd, CA 92064,Poway
"$935,000 ",3,2,"1,089",13315 Carriage Rd, CA 92064,Poway
"$2,795,000 ",6,4.5,"3,967",15130 Larchmont St, CA 92064,Poway
"$3,295,000 ",7,5.5,"5,755",17010 Butterfield Trl, CA 92064,Poway
"$2,100,000 ",7,7.5,"3,454",12738 Monte Vista Rd, CA 92064,Poway
"$1,318,000 ",4,2,"1,935",14152 Kendra Way, CA 92064,Poway
"$849,900 ",4,2,"1,680",1673 Walbollen St, CA 91977,Lemon Grove
"$699,900 ",3,2,"1,003",7905 Lansing Dr, CA 91945,Lemon Grove
"$785,000 ",3,2.5,"1,409",7922 Sunset Ter, CA 91945,Lemon Grove
"$899,000 ",3,2,"1,399",2311 Loma Dr, CA 91945,Lemon Grove
"$699,000 ",3,2,"1,225",2740 Skyline Dr, CA 91945,Lemon Grove
"$894,000 ",3,2.5,"1,576",2351 Star Pine Dr, CA 91945,Lemon Grove
"$949,000 ",5,3,"2,400",3168 Florine Dr, CA 91945,Lemon Grove
"$760,000 ",3,2,"1,567",2548 Cinderella Way, CA 91945,Lemon Grove
"$799,900 ",3,2,"1,483",2574 Mulder St, CA 91945,Lemon Grove
"$819,000 ",3,2,"1,683",7812 Longdale Dr, CA 91945,Lemon Grove
"$799,000 ",3,2,"1,405",7249 Central Ave, CA 91945,Lemon Grove
"$799,000 ",3,2,"1,235",1827 Costada Ct, CA 91945,Lemon Grove
"$899,000 ",2,1,832,7442 Daytona St, CA 91945,Lemon Grove
"$785,000 ",3,2,"1,533",1723 Madera St, CA 91945,Lemon Grove
"$846,000 ",3,3.5,"2,079",8532 Vista Azul Pl, CA 91945,Lemon Grove
"$800,000 ",3,2,"1,505",2678 Buena Vista Ave, CA 91945,Lemon Grove
"$836,000 ",3,2.5,"1,906",8579 Vista Azul Pl, CA 91945,Lemon Grove
"$856,000 ",3,3.5,"2,079",8540 Vista Azul Pl, CA 91945,Lemon Grove
"$829,999 ",3,2,"1,270",3212 Meadow Ln, CA 91945,Lemon Grove
"$749,900 ",4,2,"1,356",1666 Walbollen St, CA 91977,Lemon Grove
"$774,900 ",3,2,"1,038",10748 Palm Row, CA 92040,Lakeside
"$825,000 ",3,2,"1,468",9108 Gideon Cir N, CA 92040,Lakeside
"$899,000 ",3,2,"1,840",12208 Lakeside Ave, CA 92040,Lakeside
"$925,000 ",3,2,"1,726",13188 Casa Grande Ave, CA 92040,Lakeside
"$1,149,900 ",3,2,"2,475",11128 Pinehurst Dr, CA 92040,Lakeside
"$1,179,000 ",4,4,"2,361",12036 Serena Rd, CA 92040,Lakeside
"$825,000 ",3,2,"1,185",13504 Willow Rd, CA 92040,Lakeside
"$825,000 ",5,2,"2,484",8719 Gardena Rd, CA 92040,Lakeside
"$945,000 ",3,2,"1,945",8861 Los Coches Rd #1, CA 92040,Lakeside
"$815,000 ",3,2,"1,338",10351 Paseo Park Dr, CA 92040,Lakeside
"$1,100,000 ",4,3,"2,438",10601 Vista Camino, CA 92040,Lakeside
"$875,000 ",3,2,"1,517",9314 Los Coches Rd, CA 92040,Lakeside
"$1,250,000 ",3,2.5,"2,926",12649 Via Vigneto, CA 92040,Lakeside
"$790,000 ",3,2,"1,456",12882 Castle Court Dr, CA 92040,Lakeside
"$1,431,000 ",4,3.5,"2,700",9252 Old Farmhouse Rd, CA 92040,Lakeside
"$1,149,999 ",4,3.5,"2,330",9448 Emerald Grove Ave, CA 92040,Lakeside
"$1,250,000 ",4,3.5,"3,266",Plan 4 Plan, CA 92040,Lakeside
"$1,249,500 ",3,3,"1,820",9140 Paradise Park Dr, CA 92040,Lakeside
"$949,900 ",4,2,"2,009",13499 Khuram St, CA 92040,Lakeside
"$769,900 ",3,2,"1,242",10370 PASEO PARK Dr, CA 92040,Lakeside
"$999,000 ",5,3,"2,650",12049 Coping Pl, CA 92040,Lakeside
"$1,199,000 ",5,3.5,"2,966",11580 Manzanita Rd, CA 92040,Lakeside
"$869,900 ",4,2,"1,592",10250 New Bedford Ct, CA 92040,Lakeside
"$553,000 ",2,1,664,12161 Gay Rio Dr, CA 92040,Lakeside
"$649,000 ",2,1,939,8941 Lakeview Rd, CA 92040,Lakeside
"$985,000 ",4,2,"1,920",12466 Keemo Ter, CA 92040,Lakeside
"$4,999,999 ",4,3.5,"3,864",24949 Thunder Mountain Rd, CA 92065,Lakeside
"$1,650,000 ",8,5,"3,789",9174 Winter Gardens Blvd, CA 92040,Lakeside
"$899,000 ",4,2.5,"1,845",13216 Cuyamaca Vista Dr, CA 92040,Lakeside
"$865,000 ",2,2,"1,408",11751 Rocky Ln, CA 92040,Lakeside
"$1,189,000 ",4,3,"2,135",13545 Teale Christine Ct, CA 92040,Lakeside
"$850,000 ",4,2,"1,681",13037 S Mountain Dr, CA 92040,Lakeside
"$937,500 ",3,3,"2,612",11724 Johnson Lake Rd, CA 92040,Lakeside
"$2,400,000 ",4,3,"3,998",11631 Via Trevi Lot 168, CA 92040,Lakeside
"$895,000 ",3,2.5,"1,724",11820 Gardena Ln, CA 92040,Lakeside
"$840,000 ",3,3,"1,228",9563 Riverview Ave, CA 92040,Lakeside
"$1,395,000 ",3,3.5,"2,586",12264 Via Ruscello, CA 92040,Lakeside
"$1,150,000 ",3,2.5,"2,242",Plan 1 Plan, CA 92040,Lakeside
"$1,400,000 ",3,2.5,"2,227",11928 Via Trevi, CA 92040,Lakeside
"$1,350,000 ",4,3.5,"2,775",Plan 3 Plan, CA 92040,Lakeside
"$1,650,000 ",4,3.5,"3,059",12087 Via Trevi, CA 92040,Lakeside
"$1,249,999 ",4,2,"2,184",13138 Julian Ave, CA 92040,Lakeside
"$820,000 ",3,2,"1,736",11367 Topo Ln, CA 92040,Lakeside
"$2,290,000 ",7,6,"3,350",12630 Calle De Rob, CA 92064,Lakeside
"$860,000 ",4,3,"2,076",13220 Cuyamaca Vista Dr, CA 92040,Lakeside
"$1,350,000 ",4,2,"2,601",12635 Via Vigneto Lot 42, CA 92040,Lakeside
"$765,000 ",3,2,"1,274",8715 Vista Del Verde, CA 92021,Lakeside
"$1,399,000 ",3,3.5,"2,665",12252 Via Ruscello Lot 71, CA 92040,Lakeside
"$999,999 ",4,4,"1,925",9903 Lindo Lake Pl, CA 92040,Lakeside
"$1,350,000 ",4,4,"3,100",9497 Montemar Dr, CA 91977,Spring Valley
"$839,000 ",4,2,"1,489",9860 Costa Lago St, CA 91977,Spring Valley
"$834,900 ",3,2,"1,270",10410 Fairhill Dr, CA 91977,Spring Valley
"$799,000 ",4,2,"1,614",139 Lechuza Ln, CA 91977,Spring Valley
"$1,300,000 ",5,2.5,"2,740",3153 Pine Ln, CA 91978,Spring Valley
"$1,125,000 ",5,3.5,"2,729",1644 Avenue, CA 91977,Spring Valley
"$790,000 ",2,1,"1,503",9909 San Cristobal Rd, CA 91977,Spring Valley
"$829,000 ",3,2,"1,444",10439 Elmdale, CA 91977,Spring Valley
"$1,100,000 ",5,4,"3,170",10463 Celestial Waters Dr, CA 91977,Spring Valley
"$839,000 ",5,2.5,"1,896",1412 San Miguel Ave, CA 91977,Spring Valley
"$699,900 ",4,2.5,"1,565",2226 Ledgeview Ln, CA 91977,Spring Valley
"$739,000 ",3,1,"1,120",9753 Ivanho St, CA 91977,Spring Valley
"$729,000 ",3,1,"1,012",8941 Switzer Dr, CA 91977,Spring Valley
"$789,999 ",3,2,"1,364",151 Demona Pl, CA 91977,Spring Valley
"$929,000 ",3,2.5,"2,011",2967 Shady Pine St, CA 91978,Spring Valley
"$885,000 ",3,2.5,"2,011",10477 Pine Grv, CA 91978,Spring Valley
"$599,000 ",2,2,"1,140",10411 San Carlos Dr, CA 91978,Spring Valley
"$1,299,000 ",4,3,"2,434",3669 Calavo Dr, CA 91977,Spring Valley
"$899,000 ",4,3,"2,328",9170 Circulo Margen, CA 91977,Spring Valley
"$950,000 ",4,3,"1,971",3775 Kenwood Ct, CA 91977,Spring Valley
"$800,000 ",3,2,"1,364",10875 Buggywhip Dr, CA 91978,Spring Valley
"$750,000 ",3,2.5,"1,916",1511 Cuyamaca Ave, CA 91977,Spring Valley
"$719,999 ",3,2,"1,286",813 La Presa Ave, CA 91977,Spring Valley
"$1,450,000 ",5,3,"2,954",9221 Helix Mesa Way, CA 91977,Spring Valley
"$859,000 ",5,2,"1,800",421 Felicita Ave, CA 91977,Spring Valley
"$745,000 ",3,2,"1,188",8614 Tyler St, CA 91977,Spring Valley
"$895,000 ",3,2.5,"1,728",9811 Eucalyptus St, CA 91977,Spring Valley
"$780,876 ",3,2,"1,188",1215 Grand Ave, CA 91977,Spring Valley
"$1,000,000 ",5,3,"1,732",10229 Del Rio Rd, CA 91977,Spring Valley
"$699,000 ",3,2,936,1307 Coronado Ave, CA 91977,Spring Valley
"$785,000 ",3,2,987,821 Maria Ave, CA 91977,Spring Valley
"$1,250,000 ",4,2,"1,935",3952 Agua Dulce Blvd, CA 91977,Spring Valley
"$1,250,000 ",4,2.5,"2,733",10394 Valley Waters Dr, CA 91978,Spring Valley
"$700,000 ",3,2.5,"1,380",733 Sacramento Ave, CA 91977,Spring Valley
"$750,000 ",4,2.5,"2,318",1111 La Mesa Ave, CA 91977,Spring Valley
"$825,000 ",3,2,"1,014",8806 Lamar St, CA 91977,Spring Valley
"$669,000 ",3,2,"1,400",10111 NORTE MESA Dr, CA 91977,Spring Valley
"$835,000 ",4,3,"1,861",9018 outinda, CA 91977,Spring Valley
"$749,000 ",3,3,"1,994",646 Parkbrook St, CA 91977,Spring Valley
"$849,999 ",4,2,"1,558",2020 Ildica Way, CA 91977,Spring Valley
"$886,000 ",3,3,"1,797",351 Maria Ave, CA 91977,Spring Valley
"$1,099,900 ",4,3,"1,794",1131 Ramona Ave, CA 91977,Spring Valley
"$1,050,000 ",3,2.5,"2,144",9306 Hollyhock Rd, CA 91977,Spring Valley
"$1,300,000 ",2,2,"1,018",9108 Birch St, CA 91977,Spring Valley
"$1,300,000 ",3,1.5,"1,356",9120 Birch St, CA 91977,Spring Valley
"$815,000 ",4,2,"1,697",8115 Cacus, CA 91977,Spring Valley
"$1,050,000 ",6,5,"3,242",1830 Helix St, CA 91977,Spring Valley
"$1,700,000 ",4,2.5,"3,347",Sign in for address, CA 91977,Spring Valley
"$1,150,000 ",3,3,"1,904",3221 S Bonita St, CA 91977,Spring Valley
"$749,900 ",4,2,"1,686",1065 Peutz Valley Rd, CA 91901,Alpine
"$1,175,000 ",5,3,"2,700",2211 Honey Oak Ln, CA 91901,Alpine
"$520,000 ",2,1,780,1663 Alpine Terrace Rd, CA 91901,Alpine
"$1,349,000 ",4,3.5,"2,800",756 Hale Dr, CA 91901,Alpine
"$1,575,000 ",5,4,"4,393",4046 Via Palo Verde Lago, CA 91901,Alpine
"$1,390,000 ",3,2.5,"3,326",2302 SHAYLENE Way, CA 91901,Alpine
"$1,299,000 ",5,3.5,"2,398",9848-50 Vista Viejas, CA 91901,Alpine
"$2,799,000 ",5,6,"5,694",2184 Pacific Crest Dr, CA 91901,Alpine
"$999,000 ",4,2.5,"2,720",1619 Roble Grande Rd, CA 91901,Alpine
"$4,495,900 ",4,3,"1,646",19150 High Gln, CA 91901,Alpine
"$1,150,000 ",3,2,"2,336",352 Sneath Way, CA 91901,Alpine
"$995,000 ",3,2,"1,879",668 Starbright Ln, CA 91901,Alpine
"$1,399,000 ",4,2.5,"2,743",2647 Collado Corte, CA 91901,Alpine
"$1,250,000 ",4,3,"2,591",1019 bremen Way, CA 91901,Alpine
"$1,249,900 ",6,3.5,"3,242",477 Summerhill Vw, CA 91901,Alpine
"$999,000 ",5,2.5,"2,224",2284 Marquand Ct, CA 91901,Alpine
"$959,000 ",5,4,"1,725",1168 Alpine Hts, CA 91901,Alpine
"$6,299,999 ",6,7,"6,264",4065 Via Palo Verde Lago, CA 91901,Alpine
"$1,499,995 ",4,2.5,"3,263",6433 Dehesa Rd, CA 92019,Alpine
"$1,395,000 ",5,3.5,"4,060",2016 S Grade Rd, CA 91901,Alpine
"$949,900 ",5,3,"2,078",1215 Arnold Way, CA 91901,Alpine
"$1,190,000 ",6,4,"2,521",22815 Illahee Dr #17, CA 91901,Alpine
"$719,900 ",2,2,"2,755",19832 Japatul Rd, CA 91901,Alpine
"$1,325,000 ",3,3,"4,333",2449 Nido Aguila, CA 91901,Alpine
"$1,999,999 ",7,6,"4,456",23611 Old Ranch Rd, CA 91901,Alpine
"$999,999 ",5,3,"2,112",2638 W Victoria Dr, CA 91901,Alpine
"$1,100,000 ",4,2,"3,033",2962 Viejas View Pl, CA 91901,Alpine
"$3,750,000 ",4,3,"2,948",2576 Dortmund Pl, CA 91901,Alpine
"$965,500 ",4,2,"2,046",914 S Grade Rd, CA 91901,Alpine
"$2,500,000 ",7,6.5,"4,800",2715 Via Chinarros, CA 91901,Alpine
"$1,750,000 ",4,4.5,"3,994",2412 Deland Dr, CA 91901,Alpine
"$835,000 ",3,2,"2,000",4826 Hidden Glen Dr, CA 91901,Alpine
"$2,895,000 ",3,2.5,"3,531",21916 Japatul Ln, CA 91901,Alpine
"$2,200,000 ",5,5.5,"3,917",15815 Indian Valley Rd, CA 91935,Jamul
"$1,799,000 ",5,4.5,"4,327",3525 Fern Canyon Rd, CA 91935,Jamul
"$1,950,000 ",4,4,"3,263",13613 Hillside Estates Dr, CA 91935,Jamul
"$1,049,000 ",3,2,"2,381",3110 Rio Madre, CA 91935,Jamul
"$699,900 ",3,2,"1,620",20855 Cinnamon Dr, CA 91935,Jamul
"$3,595,000 ",8,7,"7,373",3307 Wentworth Dr, CA 91935,Jamul
"$1,349,000 ",4,4,"3,445",3646 Hidden Rdg, CA 91935,Jamul
"$1,495,000 ",5,3,"3,532",14797 Wild Colt Pl, CA 91935,Jamul
"$1,149,000 ",5,4,"3,157",14404 Hillside Dr, CA 91935,Jamul
"$1,699,999 ",4,3,"2,519",2945 Stonefield Dr, CA 91935,Jamul
"$1,297,888 ",7,5,"3,736",2639 Bratton Valley Rd, CA 91935,Jamul
"$399,900 ",2,1,704,17869 Lyons Valley Rd, CA 91935,Jamul
"$920,000 ",5,3,"3,046",20591 Sycamore Springs Rd, CA 91935,Jamul
"$1,395,000 ",5,3.5,"4,600",13504 Hillside Ests, CA 91935,Jamul
"$1,170,000 ",6,3,"2,680",13764 Jamul Dr, CA 91935,Jamul
"$1,555,000 ",5,4,"3,379",15430 Pallux Star Ct, CA 91935,Jamul
"$1,799,000 ",4,3,"3,195",3219 Greystone Dr, CA 91935,Jamul
"$949,000 ",3,2.5,"2,680",2410 Mount Elena Way, CA 91935,Jamul
"$2,750,000 ",5,4.5,"5,902",14949 Presilla Dr, CA 91935,Jamul
"$1,350,000 ",4,3.5,"3,452",3248 Vista Diego Rd, CA 91935,Jamul
"$985,000 ",3,2.5,"3,400",20530 Bexley Rd, CA 91935,Jamul
